Workbook

Sheet Assumptions
A1: January RV Trip - Assumptions
A3: Blue = input you can change. Everything else calculates from these.
A5: Item | B5: Value | C5: Note
A6: Party size (people) | B6: 6 | C6: Change to 5 to reprice the whole trip
A7: Trip length (days) | B7: 14
A8: Nights in campgrounds | B8: 13 | C8: Last night before flight out
A9: Total miles driven | B9: 1650 | C9: 1,255 transit + ~400 inside parks
A10: Flight cost per person | B10: 380 | C10: Quoted round trip
A11: RV all-in (14 days) | B11: 2000 | C11: Quoted: incl. protection, unlimited miles, 15 generator hrs. Kit fee declined.
A12: Fuel economy (mpg) | B12: 8 | C12: C30 30-footer loaded
A13: Fuel price per gallon | B13: 3.9 | C13: NV / UT / AZ average
A14: Food per person per day | B14: 11 | C14: Cooking in the RV, a few meals out
A15: Campground avg per night | B15: 55 | C15: Mostly full hookups; Grand Canyon is the priciest
A16: Monument Valley entry pp | B16: 8 | C16: Navajo Tribal Park; America the Beautiful pass NOT valid
A17: Bedding + kitchen gear | B17: 250 | C17: Buy in Vegas day 1 instead of paying kit fees
A18: Death Valley rental car | B18: 250 | C18: Days 1-4. C30 barred from Artist's Drive + Dante's View
A19: Incidentals | B19: 200 | C19: Propane, laundry, showers, parking
A20: America the Beautiful pass | B20: 0 | C20: Already owned

Sheet Option 1 - Budget
A1: OPTION 1 - Vegas loop via Monument Valley
A2: Death Valley - Valley of Fire - Zion - Page - Monument Valley - Grand Canyon - Route 66
A4: Line item | B4: Low | C4: High | D4: Midpoint | E4: Basis
A5: Flights | B5: =Assumptions!$B$6*Assumptions!$B$10 -> 2280 | C5: =Assumptions!$B$6*Assumptions!$B$10 -> 2280 | D5: =AVERAGE(B5:C5) -> 2280 | E5: Party size x fare per person
A6: RV rental (all-in) | B6: =Assumptions!$B$11 -> 2000 | C6: =Assumptions!$B$11 -> 2000 | D6: =AVERAGE(B6:C6) -> 2000 | E6: Quoted flat rate
A7: Fuel | B7: =Assumptions!$B$9/Assumptions!$B$12*Assumptions!$B$13*0.95 -> 764.15625 | C7: =Assumptions!$B$9/Assumptions!$B$12*Assumptions!$B$13*1.1 -> 884.8125 | D7: =AVERAGE(B7:C7) -> 824.48438 | E7: Miles / mpg x price, +/- range
A8: Campgrounds | B8: =Assumptions!$B$8*Assumptions!$B$15*0.9 -> 643.5 | C8: =Assumptions!$B$8*Assumptions!$B$15*1.1 -> 786.5 | D8: =AVERAGE(B8:C8) -> 715 | E8: Nights x average rate
A9: Food and groceries | B9: =Assumptions!$B$6*Assumptions!$B$7*Assumptions!$B$14*0.9 -> 831.6 | C9: =Assumptions!$B$6*Assumptions!$B$7*Assumptions!$B$14*1.15 -> 1062.6 | D9: =AVERAGE(B9:C9) -> 947.1 | E9: People x days x daily food
A10: Bedding + kitchen gear | B10: =Assumptions!$B$17*0.8 -> 200 | C10: =Assumptions!$B$17*1.2 -> 300 | D10: =AVERAGE(B10:C10) -> 250 | E10: Bought in Vegas, kit fee declined
A11: Death Valley rental car | B11: =Assumptions!$B$18*0.8 -> 200 | C11: =Assumptions!$B$18*1.2 -> 300 | D11: =AVERAGE(B11:C11) -> 250 | E11: 4 days, economy, Vegas pickup and drop
A12: Monument Valley entry | B12: =Assumptions!$B$6*Assumptions!$B$16 -> 48 | C12: =Assumptions!$B$6*Assumptions!$B$16 -> 48 | D12: =AVERAGE(B12:C12) -> 48 | E12: Tribal park; national park pass not accepted
A13: Incidentals | B13: =Assumptions!$B$19*0.8 -> 160 | C13: =Assumptions!$B$19*1.3 -> 260 | D13: =AVERAGE(B13:C13) -> 210 | E13: Propane, laundry, showers, parking
A14: Park entry fees | B14: =Assumptions!$B$20 -> 0 | C14: =Assumptions!$B$20 -> 0 | D14: =AVERAGE(B14:C14) -> 0 | E14: America the Beautiful pass already owned
A15: TOTAL | B15: =SUM(B5:B14) -> 7127.2563 | C15: =SUM(C5:C14) -> 7921.9125 | D15: =SUM(D5:D14) -> 7524.5844
A16: Per person | B16: =B15/Assumptions!$B$6 -> 1187.876 | C16: =C15/Assumptions!$B$6 -> 1320.3187 | D16: =D15/Assumptions!$B$6 -> 1254.0974
A18: Not included: travel insurance, souvenirs, checked bag fees, any Navajo guided tour at Monument Valley (~$70-95 pp).
A19: Monument Valley loop drive is closed to RVs regardless of size. Visitor center overlook and the 3.2-mile Wildcat Trail are free alternatives.

Sheet Option 1 - Itinerary
A1: OPTION 1 - Day by day
A3: Day | B3: From | C3: To / Overnight | D3: Miles | E3: Drive time | F3: Elev (ft) | G3: Notes
A4: 1 | B4: Las Vegas | C4: Furnace Creek, Death Valley | D4: 120 | E4: 2h00 | F4: -190 | G4: Pick up RV + rental car. Furnace Creek Campground for hookups.
A5: 2 | B5: - | C5: Furnace Creek | D5: 0 | E5: - | F5: -190 | G5: Badwater, Golden Canyon, Artist's Drive (car only, 25ft limit).
A6: 3 | B6: - | C6: Furnace Creek | D6: 0 | E6: - | F6: -190 | G6: Mesquite Dunes at sunrise, Ubehebe Crater, Dante's View (car only).
A7: 4 | B7: Furnace Creek | C7: Valley of Fire | D7: 175 | E7: 3h00 | F7: 2300 | G7: Back through Vegas - drop the rental car here. Atlatl Rock sites 23-44 have hookups.
A8: 5 | B8: Valley of Fire | C8: Springdale / Zion | D8: 150 | E8: 2h45 | F8: 4000 | G8: Enter Zion from the SOUTH only. Watchman Campground, electric sites.
A9: 6 | B9: - | C9: Zion | D9: 0 | E9: - | F9: 4000 | G9: Shuttle doesn't run in winter, so you can drive Zion Canyon yourself. Park early.
A10: 7 | B10: Zion | C10: Page | D10: 200 | E10: 3h45 | F10: 4300 | G10: Go around via Hurricane, Colorado City, Kanab. RV banned from Mt Carmel Hwy.
A11: 8 | B11: Page | C11: Monument Valley | D11: 125 | E11: 2h30 | F11: 5200 | G11: Horseshoe Bend on the way out ($10/vehicle). Goulding's RV Park, hookups.
A12: 9 | B12: - | C12: Monument Valley | D12: 0 | E12: - | F12: 5200 | G12: Sunrise over the Mittens. Wildcat Trail 3.2mi. Loop drive closed to RVs.
A13: 10 | B13: Monument Valley | C13: Grand Canyon South Rim | D13: 180 | E13: 3h30 | F13: 6800 | G13: Via Kayenta, Tuba City, Cameron. Enter at East Entrance past Desert View.
A14: 11 | B14: - | C14: Grand Canyon | D14: 0 | E14: - | F14: 6800 | G14: Free shuttles run year-round. Trailer Village, full hookups, plowed.
A15: 12 | B15: Grand Canyon | C15: Kingman | D15: 200 | E15: 4h30 | F15: 3300 | G15: Route 66 west: Seligman, Hackberry, Peach Springs. Avoid Oatman Highway.
... A17: 14 | B17: Las Vegas | C17: Fly home | D17: 0 | E17: - | F17: 2000 | G17: Return RV. Allow half a day for the return process.
C18: Transit miles | D18: =SUM(D4:D17) -> 1255
C19: In-park driving | D19: 400
C20: TOTAL MILES | D20: =D18+D19 -> 1655
A22: Freezing nights: Zion (2), Page (1), Monument Valley (2), Grand Canyon (2). All have full hookups - run the propane furnace, not the heat pump.
A23: Book first: Trailer Village (Grand Canyon), Goulding's (Monument Valley), Watchman (Zion). These set the skeleton.

Sheet Compare Options
A1: Option comparison
A2: Add Option 2 and 3 as you price them. Option 1 pulls live from its budget tab.
A4: Option | B4: Route summary | C4: Days | D4: Miles | E4: Total (low) | F4: Total (high) | G4: Per person | H4: Notes
A5: Option 1 | B5: Death Valley / Zion / Page / Monument Valley / Grand Canyon | C5: =Assumptions!$B$7 -> 14 | D5: ='Option 1 - Itinerary'!$D$20 -> 1655 | E5: ='Option 1 - Budget'!$B$15 -> 7127.2563 | F5: ='Option 1 - Budget'!$C$15 -> 7921.9125 | G5: ='Option 1 - Budget'!$D$16 -> 1254.0974 | H5: Monument Valley included. C30 30-footer, 6 people.
A6: Option 2 | B6: (to be priced)
A7: Option 3 | B7: (to be priced)
